tuning_index,fold,test_acc,test_prec,test_recall,test_f1
5,1,0.2505800464037123,0.04176334106728538,0.16666666666666666,0.06679035250463822
5,2,0.2505800464037123,0.04176334106728538,0.16666666666666666,0.06679035250463822
5,3,0.2505800464037123,0.04176334106728538,0.16666666666666666,0.06679035250463822
5,4,0.2505800464037123,0.04176334106728538,0.16666666666666666,0.06679035250463822
5,5,0.4176334106728538,0.4718045938297655,0.38192737526004894,0.35994806271793195
