tuning_index,fold,test_acc,test_prec,test_recall,test_f1
3,1,0.494199535962877,0.4555824570514478,0.4514313828756678,0.4357417101353324
3,2,0.4709976798143852,0.38828930226421937,0.42897568265813124,0.39971201521111793
3,3,0.419953596287703,0.4441791473228615,0.39792677201069493,0.3866519054878546
3,4,0.4593967517401392,0.3887998201645411,0.42152160016818074,0.383173289092043
3,5,0.40835266821345706,0.36479536366940946,0.36593070319756116,0.3540909858085097
