tuning_index,fold,test_acc,test_prec,test_recall,test_f1
4,1,0.2505800464037123,0.04176334106728538,0.16666666666666666,0.06679035250463822
4,2,0.2505800464037123,0.04176334106728538,0.16666666666666666,0.06679035250463822
4,3,0.2505800464037123,0.04176334106728538,0.16666666666666666,0.06679035250463822
4,4,0.2505800464037123,0.04176334106728538,0.16666666666666666,0.06679035250463822
4,5,0.2505800464037123,0.04176334106728538,0.16666666666666666,0.06679035250463822
