tuning_index,fold,test_acc,test_prec,test_recall,test_f1
2,1,0.5545243619489559,0.483185387456517,0.49097686365739923,0.4817745117332473
2,2,0.5498839907192575,0.5520858241829718,0.48631978080187976,0.4744257934591289
2,3,0.4709976798143852,0.42421922852058375,0.43482850377876686,0.40838076876607987
2,4,0.48259860788863107,0.5366338302645257,0.4466361678931148,0.4356626810011937
2,5,0.45011600928074247,0.3918557880628857,0.4104018003109347,0.3936392053789995
