tuning_index,fold,test_acc,test_prec,test_recall,test_f1
6,1,0.2529002320185615,0.1120545073375262,0.18235003295978905,0.11673713274407171
6,2,0.1716937354988399,0.028615622583139984,0.16666666666666666,0.04884488448844884
6,3,0.2505800464037123,0.04176334106728538,0.16666666666666666,0.06679035250463822
6,4,0.2505800464037123,0.04176334106728538,0.16666666666666666,0.06679035250463822
6,5,0.3225058004640371,0.22804051317964621,0.25322632532101685,0.20757159483289211
